{"IcoMoonType":"selection","icons":[{"icon":{"paths":["M406.016 598.016c106.016 0 192-86.016 192-192s-86.016-192-192-192c-105.984 0-192 86.016-192 192s86.016 192 192 192zM662.016 598.016l212 212-64 64-212-212v-34.016l-12-12c-48 42.016-112 66.016-180 66.016-154.016 0-278.016-122.016-278.016-276s124-278.016 278.016-278.016c154.016 0 276 124 276 278.016 0 68-24 132-66.016 180l12 12h34.016z"],"attrs":[{"fill":"rgb(255, 255, 255)"}],"isMulticolor":false,"isMulticolor2":false,"grid":0,"tags":["search"]},"attrs":[{"fill":"rgb(255, 255, 255)"}],"properties":{"order":2,"id":0,"name":"search","prevSize":32,"code":59648},"setIdx":0,"setId":2,"iconIdx":0}],"height":1024,"metadata":{"name":"icomoon"},"preferences":{"showGlyphs":true,"showQuickUse":true,"showQuickUse2":true,"showSVGs":true,"fontPref":{"prefix":"icon-","metadata":{"fontFamily":"icomoon"},"metrics":{"emSize":1024,"baseline":6.25,"whitespace":50},"embed":false},"imagePref":{"prefix":"icon-","png":true,"useClassSelector":true,"color":0,"bgColor":16777215,"classSelector":".icon"},"historySize":50,"showCodes":true,"gridSize":16}}